"Submission Date","What is your MBTI type?","Write an uppercase A.","Write a lowercase a.","Write an uppercase D.","Write a lowercase d.","Write a lowercase e.","Write an uppercase G.","Write a lowercase g.","Write a lowercase m.","Write a lowercase s.","Write a lowercase t.","Thank you for your assistance! Leave any comments below."
"2021/01/19 10:32:12",INFP,https://www.jotform.com/uploads/nathanianah/210168709933056/4868795308329583051/4868795308329583051_base64_6.png,https://www.jotform.com/uploads/nathanianah/210168709933056/4868795308329583051/4868795308329583051_base64_13.png,https://www.jotform.com/uploads/nathanianah/210168709933056/4868795308329583051/4868795308329583051_base64_14.png,https://www.jotform.com/uploads/nathanianah/210168709933056/4868795308329583051/4868795308329583051_base64_19.png,https://www.jotform.com/uploads/nathanianah/210168709933056/4868795308329583051/4868795308329583051_base64_23.png,https://www.jotform.com/uploads/nathanianah/210168709933056/4868795308329583051/4868795308329583051_base64_15.png,https://www.jotform.com/uploads/nathanianah/210168709933056/4868795308329583051/4868795308329583051_base64_20.png,https://www.jotform.com/uploads/nathanianah/210168709933056/4868795308329583051/4868795308329583051_base64_16.png,https://www.jotform.com/uploads/nathanianah/210168709933056/4868795308329583051/4868795308329583051_base64_21.png,https://www.jotform.com/uploads/nathanianah/210168709933056/4868795308329583051/4868795308329583051_base64_22.png,Wheeeeeee
"2021/01/18 21:46:05",ISFJ,https://www.jotform.com/uploads/nathanianah/210168709933056/4868335633025108273/4868335633025108273_base64_6.png,https://www.jotform.com/uploads/nathanianah/210168709933056/4868335633025108273/4868335633025108273_base64_13.png,https://www.jotform.com/uploads/nathanianah/210168709933056/4868335633025108273/4868335633025108273_base64_14.png,https://www.jotform.com/uploads/nathanianah/210168709933056/4868335633025108273/4868335633025108273_base64_19.png,https://www.jotform.com/uploads/nathanianah/210168709933056/4868335633025108273/4868335633025108273_base64_23.png,https://www.jotform.com/uploads/nathanianah/210168709933056/4868335633025108273/4868335633025108273_base64_15.png,https://www.jotform.com/uploads/nathanianah/210168709933056/4868335633025108273/4868335633025108273_base64_20.png,https://www.jotform.com/uploads/nathanianah/210168709933056/4868335633025108273/4868335633025108273_base64_16.png,https://www.jotform.com/uploads/nathanianah/210168709933056/4868335633025108273/4868335633025108273_base64_21.png,https://www.jotform.com/uploads/nathanianah/210168709933056/4868335633025108273/4868335633025108273_base64_22.png,
"2021/01/18 20:27:17",INTJ,https://www.jotform.com/uploads/nathanianah/210168709933056/4868288356224386852/4868288356224386852_base64_6.png,https://www.jotform.com/uploads/nathanianah/210168709933056/4868288356224386852/4868288356224386852_base64_13.png,https://www.jotform.com/uploads/nathanianah/210168709933056/4868288356224386852/4868288356224386852_base64_14.png,https://www.jotform.com/uploads/nathanianah/210168709933056/4868288356224386852/4868288356224386852_base64_19.png,https://www.jotform.com/uploads/nathanianah/210168709933056/4868288356224386852/4868288356224386852_base64_23.png,https://www.jotform.com/uploads/nathanianah/210168709933056/4868288356224386852/4868288356224386852_base64_15.png,https://www.jotform.com/uploads/nathanianah/210168709933056/4868288356224386852/4868288356224386852_base64_20.png,https://www.jotform.com/uploads/nathanianah/210168709933056/4868288356224386852/4868288356224386852_base64_16.png,https://www.jotform.com/uploads/nathanianah/210168709933056/4868288356224386852/4868288356224386852_base64_21.png,https://www.jotform.com/uploads/nathanianah/210168709933056/4868288356224386852/4868288356224386852_base64_22.png,
"2021/01/18 20:01:59",ISFJ,https://www.jotform.com/uploads/nathanianah/210168709933056/4868273181114006506/4868273181114006506_base64_6.png,https://www.jotform.com/uploads/nathanianah/210168709933056/4868273181114006506/4868273181114006506_base64_13.png,https://www.jotform.com/uploads/nathanianah/210168709933056/4868273181114006506/4868273181114006506_base64_14.png,https://www.jotform.com/uploads/nathanianah/210168709933056/4868273181114006506/4868273181114006506_base64_19.png,https://www.jotform.com/uploads/nathanianah/210168709933056/4868273181114006506/4868273181114006506_base64_23.png,https://www.jotform.com/uploads/nathanianah/210168709933056/4868273181114006506/4868273181114006506_base64_15.png,https://www.jotform.com/uploads/nathanianah/210168709933056/4868273181114006506/4868273181114006506_base64_20.png,https://www.jotform.com/uploads/nathanianah/210168709933056/4868273181114006506/4868273181114006506_base64_16.png,https://www.jotform.com/uploads/nathanianah/210168709933056/4868273181114006506/4868273181114006506_base64_21.png,https://www.jotform.com/uploads/nathanianah/210168709933056/4868273181114006506/4868273181114006506_base64_22.png,"Yay Nat!"
"2021/01/18 19:26:39",INFP,https://www.jotform.com/uploads/nathanianah/210168709933056/4868251984411927798/4868251984411927798_base64_6.png,https://www.jotform.com/uploads/nathanianah/210168709933056/4868251984411927798/4868251984411927798_base64_13.png,https://www.jotform.com/uploads/nathanianah/210168709933056/4868251984411927798/4868251984411927798_base64_14.png,https://www.jotform.com/uploads/nathanianah/210168709933056/4868251984411927798/4868251984411927798_base64_19.png,https://www.jotform.com/uploads/nathanianah/210168709933056/4868251984411927798/4868251984411927798_base64_23.png,https://www.jotform.com/uploads/nathanianah/210168709933056/4868251984411927798/4868251984411927798_base64_15.png,https://www.jotform.com/uploads/nathanianah/210168709933056/4868251984411927798/4868251984411927798_base64_20.png,https://www.jotform.com/uploads/nathanianah/210168709933056/4868251984411927798/4868251984411927798_base64_16.png,https://www.jotform.com/uploads/nathanianah/210168709933056/4868251984411927798/4868251984411927798_base64_21.png,https://www.jotform.com/uploads/nathanianah/210168709933056/4868251984411927798/4868251984411927798_base64_22.png,
"2021/01/18 19:25:45",ENFP,https://www.jotform.com/uploads/nathanianah/210168709933056/4868251449221392268/4868251449221392268_base64_6.png,https://www.jotform.com/uploads/nathanianah/210168709933056/4868251449221392268/4868251449221392268_base64_13.png,https://www.jotform.com/uploads/nathanianah/210168709933056/4868251449221392268/4868251449221392268_base64_14.png,https://www.jotform.com/uploads/nathanianah/210168709933056/4868251449221392268/4868251449221392268_base64_19.png,https://www.jotform.com/uploads/nathanianah/210168709933056/4868251449221392268/4868251449221392268_base64_23.png,https://www.jotform.com/uploads/nathanianah/210168709933056/4868251449221392268/4868251449221392268_base64_15.png,https://www.jotform.com/uploads/nathanianah/210168709933056/4868251449221392268/4868251449221392268_base64_20.png,https://www.jotform.com/uploads/nathanianah/210168709933056/4868251449221392268/4868251449221392268_base64_16.png,https://www.jotform.com/uploads/nathanianah/210168709933056/4868251449221392268/4868251449221392268_base64_21.png,https://www.jotform.com/uploads/nathanianah/210168709933056/4868251449221392268/4868251449221392268_base64_22.png,
"2021/01/18 18:59:25",INTJ,https://www.jotform.com/uploads/nathanianah/210168709933056/4868235634411769190/4868235634411769190_base64_6.png,https://www.jotform.com/uploads/nathanianah/210168709933056/4868235634411769190/4868235634411769190_base64_13.png,https://www.jotform.com/uploads/nathanianah/210168709933056/4868235634411769190/4868235634411769190_base64_14.png,https://www.jotform.com/uploads/nathanianah/210168709933056/4868235634411769190/4868235634411769190_base64_19.png,https://www.jotform.com/uploads/nathanianah/210168709933056/4868235634411769190/4868235634411769190_base64_23.png,https://www.jotform.com/uploads/nathanianah/210168709933056/4868235634411769190/4868235634411769190_base64_15.png,https://www.jotform.com/uploads/nathanianah/210168709933056/4868235634411769190/4868235634411769190_base64_20.png,https://www.jotform.com/uploads/nathanianah/210168709933056/4868235634411769190/4868235634411769190_base64_16.png,https://www.jotform.com/uploads/nathanianah/210168709933056/4868235634411769190/4868235634411769190_base64_21.png,https://www.jotform.com/uploads/nathanianah/210168709933056/4868235634411769190/4868235634411769190_base64_22.png,
"2021/01/18 18:45:01",INFJ,https://www.jotform.com/uploads/nathanianah/210168709933056/4868226995352236252/4868226995352236252_base64_6.png,https://www.jotform.com/uploads/nathanianah/210168709933056/4868226995352236252/4868226995352236252_base64_13.png,https://www.jotform.com/uploads/nathanianah/210168709933056/4868226995352236252/4868226995352236252_base64_14.png,https://www.jotform.com/uploads/nathanianah/210168709933056/4868226995352236252/4868226995352236252_base64_19.png,https://www.jotform.com/uploads/nathanianah/210168709933056/4868226995352236252/4868226995352236252_base64_23.png,https://www.jotform.com/uploads/nathanianah/210168709933056/4868226995352236252/4868226995352236252_base64_15.png,https://www.jotform.com/uploads/nathanianah/210168709933056/4868226995352236252/4868226995352236252_base64_20.png,https://www.jotform.com/uploads/nathanianah/210168709933056/4868226995352236252/4868226995352236252_base64_16.png,https://www.jotform.com/uploads/nathanianah/210168709933056/4868226995352236252/4868226995352236252_base64_21.png,https://www.jotform.com/uploads/nathanianah/210168709933056/4868226995352236252/4868226995352236252_base64_22.png,
"2021/01/18 18:44:33",ISFP,https://www.jotform.com/uploads/nathanianah/210168709933056/4868226720719659678/4868226720719659678_base64_6.png,https://www.jotform.com/uploads/nathanianah/210168709933056/4868226720719659678/4868226720719659678_base64_13.png,https://www.jotform.com/uploads/nathanianah/210168709933056/4868226720719659678/4868226720719659678_base64_14.png,https://www.jotform.com/uploads/nathanianah/210168709933056/4868226720719659678/4868226720719659678_base64_19.png,https://www.jotform.com/uploads/nathanianah/210168709933056/4868226720719659678/4868226720719659678_base64_23.png,https://www.jotform.com/uploads/nathanianah/210168709933056/4868226720719659678/4868226720719659678_base64_15.png,https://www.jotform.com/uploads/nathanianah/210168709933056/4868226720719659678/4868226720719659678_base64_20.png,https://www.jotform.com/uploads/nathanianah/210168709933056/4868226720719659678/4868226720719659678_base64_16.png,https://www.jotform.com/uploads/nathanianah/210168709933056/4868226720719659678/4868226720719659678_base64_21.png,https://www.jotform.com/uploads/nathanianah/210168709933056/4868226720719659678/4868226720719659678_base64_22.png,
"2021/01/18 18:27:39",INFJ,https://www.jotform.com/uploads/nathanianah/210168709933056/4868216589322229954/4868216589322229954_base64_6.png,https://www.jotform.com/uploads/nathanianah/210168709933056/4868216589322229954/4868216589322229954_base64_13.png,https://www.jotform.com/uploads/nathanianah/210168709933056/4868216589322229954/4868216589322229954_base64_14.png,https://www.jotform.com/uploads/nathanianah/210168709933056/4868216589322229954/4868216589322229954_base64_19.png,https://www.jotform.com/uploads/nathanianah/210168709933056/4868216589322229954/4868216589322229954_base64_23.png,https://www.jotform.com/uploads/nathanianah/210168709933056/4868216589322229954/4868216589322229954_base64_15.png,https://www.jotform.com/uploads/nathanianah/210168709933056/4868216589322229954/4868216589322229954_base64_20.png,https://www.jotform.com/uploads/nathanianah/210168709933056/4868216589322229954/4868216589322229954_base64_16.png,https://www.jotform.com/uploads/nathanianah/210168709933056/4868216589322229954/4868216589322229954_base64_21.png,https://www.jotform.com/uploads/nathanianah/210168709933056/4868216589322229954/4868216589322229954_base64_22.png,
"2021/01/18 16:49:05",ENTJ,https://www.jotform.com/uploads/nathanianah/210168709933056/4868157434323686956/4868157434323686956_base64_6.png,https://www.jotform.com/uploads/nathanianah/210168709933056/4868157434323686956/4868157434323686956_base64_13.png,https://www.jotform.com/uploads/nathanianah/210168709933056/4868157434323686956/4868157434323686956_base64_14.png,https://www.jotform.com/uploads/nathanianah/210168709933056/4868157434323686956/4868157434323686956_base64_19.png,https://www.jotform.com/uploads/nathanianah/210168709933056/4868157434323686956/4868157434323686956_base64_23.png,https://www.jotform.com/uploads/nathanianah/210168709933056/4868157434323686956/4868157434323686956_base64_15.png,https://www.jotform.com/uploads/nathanianah/210168709933056/4868157434323686956/4868157434323686956_base64_20.png,https://www.jotform.com/uploads/nathanianah/210168709933056/4868157434323686956/4868157434323686956_base64_16.png,https://www.jotform.com/uploads/nathanianah/210168709933056/4868157434323686956/4868157434323686956_base64_21.png,https://www.jotform.com/uploads/nathanianah/210168709933056/4868157434323686956/4868157434323686956_base64_22.png,
"2021/01/18 14:57:49",ISFJ,https://www.jotform.com/uploads/nathanianah/210168709933056/4868090686023822162/4868090686023822162_base64_6.png,https://www.jotform.com/uploads/nathanianah/210168709933056/4868090686023822162/4868090686023822162_base64_13.png,https://www.jotform.com/uploads/nathanianah/210168709933056/4868090686023822162/4868090686023822162_base64_14.png,https://www.jotform.com/uploads/nathanianah/210168709933056/4868090686023822162/4868090686023822162_base64_19.png,https://www.jotform.com/uploads/nathanianah/210168709933056/4868090686023822162/4868090686023822162_base64_23.png,https://www.jotform.com/uploads/nathanianah/210168709933056/4868090686023822162/4868090686023822162_base64_15.png,https://www.jotform.com/uploads/nathanianah/210168709933056/4868090686023822162/4868090686023822162_base64_20.png,https://www.jotform.com/uploads/nathanianah/210168709933056/4868090686023822162/4868090686023822162_base64_16.png,https://www.jotform.com/uploads/nathanianah/210168709933056/4868090686023822162/4868090686023822162_base64_21.png,https://www.jotform.com/uploads/nathanianah/210168709933056/4868090686023822162/4868090686023822162_base64_22.png,
"2021/01/18 13:41:35",ISFJ,https://www.jotform.com/uploads/nathanianah/210168709933056/4868044939487581906/4868044939487581906_base64_6.png,https://www.jotform.com/uploads/nathanianah/210168709933056/4868044939487581906/4868044939487581906_base64_13.png,https://www.jotform.com/uploads/nathanianah/210168709933056/4868044939487581906/4868044939487581906_base64_14.png,https://www.jotform.com/uploads/nathanianah/210168709933056/4868044939487581906/4868044939487581906_base64_19.png,https://www.jotform.com/uploads/nathanianah/210168709933056/4868044939487581906/4868044939487581906_base64_23.png,https://www.jotform.com/uploads/nathanianah/210168709933056/4868044939487581906/4868044939487581906_base64_15.png,https://www.jotform.com/uploads/nathanianah/210168709933056/4868044939487581906/4868044939487581906_base64_20.png,https://www.jotform.com/uploads/nathanianah/210168709933056/4868044939487581906/4868044939487581906_base64_16.png,https://www.jotform.com/uploads/nathanianah/210168709933056/4868044939487581906/4868044939487581906_base64_21.png,https://www.jotform.com/uploads/nathanianah/210168709933056/4868044939487581906/4868044939487581906_base64_22.png,"this was very fun"
"2021/01/18 12:45:59",ISFP,https://www.jotform.com/uploads/nathanianah/210168709933056/4868011589121969895/4868011589121969895_base64_6.png,https://www.jotform.com/uploads/nathanianah/210168709933056/4868011589121969895/4868011589121969895_base64_13.png,https://www.jotform.com/uploads/nathanianah/210168709933056/4868011589121969895/4868011589121969895_base64_14.png,https://www.jotform.com/uploads/nathanianah/210168709933056/4868011589121969895/4868011589121969895_base64_19.png,https://www.jotform.com/uploads/nathanianah/210168709933056/4868011589121969895/4868011589121969895_base64_23.png,https://www.jotform.com/uploads/nathanianah/210168709933056/4868011589121969895/4868011589121969895_base64_15.png,https://www.jotform.com/uploads/nathanianah/210168709933056/4868011589121969895/4868011589121969895_base64_20.png,https://www.jotform.com/uploads/nathanianah/210168709933056/4868011589121969895/4868011589121969895_base64_16.png,https://www.jotform.com/uploads/nathanianah/210168709933056/4868011589121969895/4868011589121969895_base64_21.png,https://www.jotform.com/uploads/nathanianah/210168709933056/4868011589121969895/4868011589121969895_base64_22.png,
"2021/01/18 12:32:47",INFP,https://www.jotform.com/uploads/nathanianah/210168709933056/4868003669687393892/4868003669687393892_base64_6.png,https://www.jotform.com/uploads/nathanianah/210168709933056/4868003669687393892/4868003669687393892_base64_13.png,https://www.jotform.com/uploads/nathanianah/210168709933056/4868003669687393892/4868003669687393892_base64_14.png,https://www.jotform.com/uploads/nathanianah/210168709933056/4868003669687393892/4868003669687393892_base64_19.png,https://www.jotform.com/uploads/nathanianah/210168709933056/4868003669687393892/4868003669687393892_base64_23.png,https://www.jotform.com/uploads/nathanianah/210168709933056/4868003669687393892/4868003669687393892_base64_15.png,https://www.jotform.com/uploads/nathanianah/210168709933056/4868003669687393892/4868003669687393892_base64_20.png,https://www.jotform.com/uploads/nathanianah/210168709933056/4868003669687393892/4868003669687393892_base64_16.png,https://www.jotform.com/uploads/nathanianah/210168709933056/4868003669687393892/4868003669687393892_base64_21.png,https://www.jotform.com/uploads/nathanianah/210168709933056/4868003669687393892/4868003669687393892_base64_22.png,
"2021/01/18 11:55:22",ENFP,https://www.jotform.com/uploads/nathanianah/210168709933056/4867981219485666286/4867981219485666286_base64_6.png,https://www.jotform.com/uploads/nathanianah/210168709933056/4867981219485666286/4867981219485666286_base64_13.png,https://www.jotform.com/uploads/nathanianah/210168709933056/4867981219485666286/4867981219485666286_base64_14.png,https://www.jotform.com/uploads/nathanianah/210168709933056/4867981219485666286/4867981219485666286_base64_19.png,https://www.jotform.com/uploads/nathanianah/210168709933056/4867981219485666286/4867981219485666286_base64_23.png,https://www.jotform.com/uploads/nathanianah/210168709933056/4867981219485666286/4867981219485666286_base64_15.png,https://www.jotform.com/uploads/nathanianah/210168709933056/4867981219485666286/4867981219485666286_base64_20.png,https://www.jotform.com/uploads/nathanianah/210168709933056/4867981219485666286/4867981219485666286_base64_16.png,https://www.jotform.com/uploads/nathanianah/210168709933056/4867981219485666286/4867981219485666286_base64_21.png,https://www.jotform.com/uploads/nathanianah/210168709933056/4867981219485666286/4867981219485666286_base64_22.png,"i had to undo so many times to get the letters the way i wanted them to look lol"
"2021/01/18 11:27:35",ISFJ,https://www.jotform.com/uploads/nathanianah/210168709933056/4867964530326919603/4867964530326919603_base64_6.png,https://www.jotform.com/uploads/nathanianah/210168709933056/4867964530326919603/4867964530326919603_base64_13.png,https://www.jotform.com/uploads/nathanianah/210168709933056/4867964530326919603/4867964530326919603_base64_14.png,https://www.jotform.com/uploads/nathanianah/210168709933056/4867964530326919603/4867964530326919603_base64_19.png,https://www.jotform.com/uploads/nathanianah/210168709933056/4867964530326919603/4867964530326919603_base64_23.png,https://www.jotform.com/uploads/nathanianah/210168709933056/4867964530326919603/4867964530326919603_base64_15.png,https://www.jotform.com/uploads/nathanianah/210168709933056/4867964530326919603/4867964530326919603_base64_20.png,https://www.jotform.com/uploads/nathanianah/210168709933056/4867964530326919603/4867964530326919603_base64_16.png,https://www.jotform.com/uploads/nathanianah/210168709933056/4867964530326919603/4867964530326919603_base64_21.png,https://www.jotform.com/uploads/nathanianah/210168709933056/4867964530326919603/4867964530326919603_base64_22.png,"good luck!"
"2021/01/18 11:19:18",INTJ,https://www.jotform.com/uploads/nathanianah/210168709933056/4867959555024173924/4867959555024173924_base64_6.png,https://www.jotform.com/uploads/nathanianah/210168709933056/4867959555024173924/4867959555024173924_base64_13.png,https://www.jotform.com/uploads/nathanianah/210168709933056/4867959555024173924/4867959555024173924_base64_14.png,https://www.jotform.com/uploads/nathanianah/210168709933056/4867959555024173924/4867959555024173924_base64_19.png,https://www.jotform.com/uploads/nathanianah/210168709933056/4867959555024173924/4867959555024173924_base64_23.png,https://www.jotform.com/uploads/nathanianah/210168709933056/4867959555024173924/4867959555024173924_base64_15.png,https://www.jotform.com/uploads/nathanianah/210168709933056/4867959555024173924/4867959555024173924_base64_20.png,https://www.jotform.com/uploads/nathanianah/210168709933056/4867959555024173924/4867959555024173924_base64_16.png,https://www.jotform.com/uploads/nathanianah/210168709933056/4867959555024173924/4867959555024173924_base64_21.png,https://www.jotform.com/uploads/nathanianah/210168709933056/4867959555024173924/4867959555024173924_base64_22.png,
"2021/01/18 11:12:20",INFJ,https://www.jotform.com/uploads/nathanianah/210168709933056/4867955383212322713/4867955383212322713_base64_6.png,https://www.jotform.com/uploads/nathanianah/210168709933056/4867955383212322713/4867955383212322713_base64_13.png,https://www.jotform.com/uploads/nathanianah/210168709933056/4867955383212322713/4867955383212322713_base64_14.png,https://www.jotform.com/uploads/nathanianah/210168709933056/4867955383212322713/4867955383212322713_base64_19.png,https://www.jotform.com/uploads/nathanianah/210168709933056/4867955383212322713/4867955383212322713_base64_23.png,https://www.jotform.com/uploads/nathanianah/210168709933056/4867955383212322713/4867955383212322713_base64_15.png,https://www.jotform.com/uploads/nathanianah/210168709933056/4867955383212322713/4867955383212322713_base64_20.png,https://www.jotform.com/uploads/nathanianah/210168709933056/4867955383212322713/4867955383212322713_base64_16.png,https://www.jotform.com/uploads/nathanianah/210168709933056/4867955383212322713/4867955383212322713_base64_21.png,https://www.jotform.com/uploads/nathanianah/210168709933056/4867955383212322713/4867955383212322713_base64_22.png,
"2021/01/18 10:55:58",ESFJ,https://www.jotform.com/uploads/nathanianah/210168709933056/4867945571593067867/4867945571593067867_base64_6.png,https://www.jotform.com/uploads/nathanianah/210168709933056/4867945571593067867/4867945571593067867_base64_13.png,https://www.jotform.com/uploads/nathanianah/210168709933056/4867945571593067867/4867945571593067867_base64_14.png,https://www.jotform.com/uploads/nathanianah/210168709933056/4867945571593067867/4867945571593067867_base64_19.png,https://www.jotform.com/uploads/nathanianah/210168709933056/4867945571593067867/4867945571593067867_base64_23.png,https://www.jotform.com/uploads/nathanianah/210168709933056/4867945571593067867/4867945571593067867_base64_15.png,https://www.jotform.com/uploads/nathanianah/210168709933056/4867945571593067867/4867945571593067867_base64_20.png,https://www.jotform.com/uploads/nathanianah/210168709933056/4867945571593067867/4867945571593067867_base64_16.png,https://www.jotform.com/uploads/nathanianah/210168709933056/4867945571593067867/4867945571593067867_base64_21.png,https://www.jotform.com/uploads/nathanianah/210168709933056/4867945571593067867/4867945571593067867_base64_22.png,"This was fun! Curious to know if there are any interesting results"
"2021/01/18 10:51:17",INFJ,https://www.jotform.com/uploads/nathanianah/210168709933056/4867942754489044178/4867942754489044178_base64_6.png,https://www.jotform.com/uploads/nathanianah/210168709933056/4867942754489044178/4867942754489044178_base64_13.png,https://www.jotform.com/uploads/nathanianah/210168709933056/4867942754489044178/4867942754489044178_base64_14.png,https://www.jotform.com/uploads/nathanianah/210168709933056/4867942754489044178/4867942754489044178_base64_19.png,https://www.jotform.com/uploads/nathanianah/210168709933056/4867942754489044178/4867942754489044178_base64_23.png,https://www.jotform.com/uploads/nathanianah/210168709933056/4867942754489044178/4867942754489044178_base64_15.png,https://www.jotform.com/uploads/nathanianah/210168709933056/4867942754489044178/4867942754489044178_base64_20.png,https://www.jotform.com/uploads/nathanianah/210168709933056/4867942754489044178/4867942754489044178_base64_16.png,https://www.jotform.com/uploads/nathanianah/210168709933056/4867942754489044178/4867942754489044178_base64_21.png,https://www.jotform.com/uploads/nathanianah/210168709933056/4867942754489044178/4867942754489044178_base64_22.png,
"2021/01/18 10:46:58",INTP,https://www.jotform.com/uploads/nathanianah/210168709933056/4867940163101376435/4867940163101376435_base64_6.png,https://www.jotform.com/uploads/nathanianah/210168709933056/4867940163101376435/4867940163101376435_base64_13.png,https://www.jotform.com/uploads/nathanianah/210168709933056/4867940163101376435/4867940163101376435_base64_14.png,https://www.jotform.com/uploads/nathanianah/210168709933056/4867940163101376435/4867940163101376435_base64_19.png,https://www.jotform.com/uploads/nathanianah/210168709933056/4867940163101376435/4867940163101376435_base64_23.png,https://www.jotform.com/uploads/nathanianah/210168709933056/4867940163101376435/4867940163101376435_base64_15.png,https://www.jotform.com/uploads/nathanianah/210168709933056/4867940163101376435/4867940163101376435_base64_20.png,https://www.jotform.com/uploads/nathanianah/210168709933056/4867940163101376435/4867940163101376435_base64_16.png,https://www.jotform.com/uploads/nathanianah/210168709933056/4867940163101376435/4867940163101376435_base64_21.png,https://www.jotform.com/uploads/nathanianah/210168709933056/4867940163101376435/4867940163101376435_base64_22.png,
"2021/01/18 10:38:51",ISFJ,https://www.jotform.com/uploads/nathanianah/210168709933056/4867935307593125375/4867935307593125375_base64_6.png,https://www.jotform.com/uploads/nathanianah/210168709933056/4867935307593125375/4867935307593125375_base64_13.png,https://www.jotform.com/uploads/nathanianah/210168709933056/4867935307593125375/4867935307593125375_base64_14.png,https://www.jotform.com/uploads/nathanianah/210168709933056/4867935307593125375/4867935307593125375_base64_19.png,https://www.jotform.com/uploads/nathanianah/210168709933056/4867935307593125375/4867935307593125375_base64_23.png,https://www.jotform.com/uploads/nathanianah/210168709933056/4867935307593125375/4867935307593125375_base64_15.png,https://www.jotform.com/uploads/nathanianah/210168709933056/4867935307593125375/4867935307593125375_base64_20.png,https://www.jotform.com/uploads/nathanianah/210168709933056/4867935307593125375/4867935307593125375_base64_16.png,https://www.jotform.com/uploads/nathanianah/210168709933056/4867935307593125375/4867935307593125375_base64_21.png,https://www.jotform.com/uploads/nathanianah/210168709933056/4867935307593125375/4867935307593125375_base64_22.png,
"2021/01/18 10:36:24",INTJ,https://www.jotform.com/uploads/nathanianah/210168709933056/4867933824419281724/4867933824419281724_base64_6.png,https://www.jotform.com/uploads/nathanianah/210168709933056/4867933824419281724/4867933824419281724_base64_13.png,https://www.jotform.com/uploads/nathanianah/210168709933056/4867933824419281724/4867933824419281724_base64_14.png,https://www.jotform.com/uploads/nathanianah/210168709933056/4867933824419281724/4867933824419281724_base64_19.png,https://www.jotform.com/uploads/nathanianah/210168709933056/4867933824419281724/4867933824419281724_base64_23.png,https://www.jotform.com/uploads/nathanianah/210168709933056/4867933824419281724/4867933824419281724_base64_15.png,https://www.jotform.com/uploads/nathanianah/210168709933056/4867933824419281724/4867933824419281724_base64_20.png,https://www.jotform.com/uploads/nathanianah/210168709933056/4867933824419281724/4867933824419281724_base64_16.png,https://www.jotform.com/uploads/nathanianah/210168709933056/4867933824419281724/4867933824419281724_base64_21.png,https://www.jotform.com/uploads/nathanianah/210168709933056/4867933824419281724/4867933824419281724_base64_22.png,
"2021/01/18 10:35:32",INFJ,https://www.jotform.com/uploads/nathanianah/210168709933056/4867933319313589520/4867933319313589520_base64_6.png,https://www.jotform.com/uploads/nathanianah/210168709933056/4867933319313589520/4867933319313589520_base64_13.png,https://www.jotform.com/uploads/nathanianah/210168709933056/4867933319313589520/4867933319313589520_base64_14.png,https://www.jotform.com/uploads/nathanianah/210168709933056/4867933319313589520/4867933319313589520_base64_19.png,https://www.jotform.com/uploads/nathanianah/210168709933056/4867933319313589520/4867933319313589520_base64_23.png,https://www.jotform.com/uploads/nathanianah/210168709933056/4867933319313589520/4867933319313589520_base64_15.png,https://www.jotform.com/uploads/nathanianah/210168709933056/4867933319313589520/4867933319313589520_base64_20.png,https://www.jotform.com/uploads/nathanianah/210168709933056/4867933319313589520/4867933319313589520_base64_16.png,https://www.jotform.com/uploads/nathanianah/210168709933056/4867933319313589520/4867933319313589520_base64_21.png,https://www.jotform.com/uploads/nathanianah/210168709933056/4867933319313589520/4867933319313589520_base64_22.png,
"2021/01/18 10:28:13",ENFP,https://www.jotform.com/uploads/nathanianah/210168709933056/4867928914305977769/4867928914305977769_base64_6.png,https://www.jotform.com/uploads/nathanianah/210168709933056/4867928914305977769/4867928914305977769_base64_13.png,https://www.jotform.com/uploads/nathanianah/210168709933056/4867928914305977769/4867928914305977769_base64_14.png,https://www.jotform.com/uploads/nathanianah/210168709933056/4867928914305977769/4867928914305977769_base64_19.png,https://www.jotform.com/uploads/nathanianah/210168709933056/4867928914305977769/4867928914305977769_base64_23.png,https://www.jotform.com/uploads/nathanianah/210168709933056/4867928914305977769/4867928914305977769_base64_15.png,https://www.jotform.com/uploads/nathanianah/210168709933056/4867928914305977769/4867928914305977769_base64_20.png,https://www.jotform.com/uploads/nathanianah/210168709933056/4867928914305977769/4867928914305977769_base64_16.png,https://www.jotform.com/uploads/nathanianah/210168709933056/4867928914305977769/4867928914305977769_base64_21.png,https://www.jotform.com/uploads/nathanianah/210168709933056/4867928914305977769/4867928914305977769_base64_22.png,
"2021/01/18 10:27:03",ENFJ,https://www.jotform.com/uploads/nathanianah/210168709933056/4867928216715386803/4867928216715386803_base64_6.png,https://www.jotform.com/uploads/nathanianah/210168709933056/4867928216715386803/4867928216715386803_base64_13.png,https://www.jotform.com/uploads/nathanianah/210168709933056/4867928216715386803/4867928216715386803_base64_14.png,https://www.jotform.com/uploads/nathanianah/210168709933056/4867928216715386803/4867928216715386803_base64_19.png,https://www.jotform.com/uploads/nathanianah/210168709933056/4867928216715386803/4867928216715386803_base64_23.png,https://www.jotform.com/uploads/nathanianah/210168709933056/4867928216715386803/4867928216715386803_base64_15.png,https://www.jotform.com/uploads/nathanianah/210168709933056/4867928216715386803/4867928216715386803_base64_20.png,https://www.jotform.com/uploads/nathanianah/210168709933056/4867928216715386803/4867928216715386803_base64_16.png,https://www.jotform.com/uploads/nathanianah/210168709933056/4867928216715386803/4867928216715386803_base64_21.png,https://www.jotform.com/uploads/nathanianah/210168709933056/4867928216715386803/4867928216715386803_base64_22.png,"Tell Nat to send manga over from Japan please."
"2021/01/18 10:23:42",ISFP,https://www.jotform.com/uploads/nathanianah/210168709933056/4867926200325817452/4867926200325817452_base64_6.png,https://www.jotform.com/uploads/nathanianah/210168709933056/4867926200325817452/4867926200325817452_base64_13.png,https://www.jotform.com/uploads/nathanianah/210168709933056/4867926200325817452/4867926200325817452_base64_14.png,https://www.jotform.com/uploads/nathanianah/210168709933056/4867926200325817452/4867926200325817452_base64_19.png,https://www.jotform.com/uploads/nathanianah/210168709933056/4867926200325817452/4867926200325817452_base64_23.png,https://www.jotform.com/uploads/nathanianah/210168709933056/4867926200325817452/4867926200325817452_base64_15.png,https://www.jotform.com/uploads/nathanianah/210168709933056/4867926200325817452/4867926200325817452_base64_20.png,https://www.jotform.com/uploads/nathanianah/210168709933056/4867926200325817452/4867926200325817452_base64_16.png,https://www.jotform.com/uploads/nathanianah/210168709933056/4867926200325817452/4867926200325817452_base64_21.png,https://www.jotform.com/uploads/nathanianah/210168709933056/4867926200325817452/4867926200325817452_base64_22.png,
"2021/01/18 10:07:39",INTJ,https://www.jotform.com/uploads/nathanianah/210168709933056/4867916572529948387/4867916572529948387_base64_6.png,https://www.jotform.com/uploads/nathanianah/210168709933056/4867916572529948387/4867916572529948387_base64_13.png,https://www.jotform.com/uploads/nathanianah/210168709933056/4867916572529948387/4867916572529948387_base64_14.png,https://www.jotform.com/uploads/nathanianah/210168709933056/4867916572529948387/4867916572529948387_base64_19.png,https://www.jotform.com/uploads/nathanianah/210168709933056/4867916572529948387/4867916572529948387_base64_23.png,https://www.jotform.com/uploads/nathanianah/210168709933056/4867916572529948387/4867916572529948387_base64_15.png,https://www.jotform.com/uploads/nathanianah/210168709933056/4867916572529948387/4867916572529948387_base64_20.png,https://www.jotform.com/uploads/nathanianah/210168709933056/4867916572529948387/4867916572529948387_base64_16.png,https://www.jotform.com/uploads/nathanianah/210168709933056/4867916572529948387/4867916572529948387_base64_21.png,https://www.jotform.com/uploads/nathanianah/210168709933056/4867916572529948387/4867916572529948387_base64_22.png,
"2021/01/18 10:05:22",INFP,https://www.jotform.com/uploads/nathanianah/210168709933056/4867915208202407286/4867915208202407286_base64_6.png,https://www.jotform.com/uploads/nathanianah/210168709933056/4867915208202407286/4867915208202407286_base64_13.png,https://www.jotform.com/uploads/nathanianah/210168709933056/4867915208202407286/4867915208202407286_base64_14.png,https://www.jotform.com/uploads/nathanianah/210168709933056/4867915208202407286/4867915208202407286_base64_19.png,https://www.jotform.com/uploads/nathanianah/210168709933056/4867915208202407286/4867915208202407286_base64_23.png,https://www.jotform.com/uploads/nathanianah/210168709933056/4867915208202407286/4867915208202407286_base64_15.png,https://www.jotform.com/uploads/nathanianah/210168709933056/4867915208202407286/4867915208202407286_base64_20.png,https://www.jotform.com/uploads/nathanianah/210168709933056/4867915208202407286/4867915208202407286_base64_16.png,https://www.jotform.com/uploads/nathanianah/210168709933056/4867915208202407286/4867915208202407286_base64_21.png,https://www.jotform.com/uploads/nathanianah/210168709933056/4867915208202407286/4867915208202407286_base64_22.png,
"2021/01/18 10:04:47",ESFJ,https://www.jotform.com/uploads/nathanianah/210168709933056/4867914859116663270/4867914859116663270_base64_6.png,https://www.jotform.com/uploads/nathanianah/210168709933056/4867914859116663270/4867914859116663270_base64_13.png,https://www.jotform.com/uploads/nathanianah/210168709933056/4867914859116663270/4867914859116663270_base64_14.png,https://www.jotform.com/uploads/nathanianah/210168709933056/4867914859116663270/4867914859116663270_base64_19.png,https://www.jotform.com/uploads/nathanianah/210168709933056/4867914859116663270/4867914859116663270_base64_23.png,https://www.jotform.com/uploads/nathanianah/210168709933056/4867914859116663270/4867914859116663270_base64_15.png,https://www.jotform.com/uploads/nathanianah/210168709933056/4867914859116663270/4867914859116663270_base64_20.png,https://www.jotform.com/uploads/nathanianah/210168709933056/4867914859116663270/4867914859116663270_base64_16.png,https://www.jotform.com/uploads/nathanianah/210168709933056/4867914859116663270/4867914859116663270_base64_21.png,https://www.jotform.com/uploads/nathanianah/210168709933056/4867914859116663270/4867914859116663270_base64_22.png,
"2021/01/18 01:29:37",INTJ,https://www.jotform.com/uploads/nathanianah/210168709933056/4867605765894790475/4867605765894790475_base64_6.png,https://www.jotform.com/uploads/nathanianah/210168709933056/4867605765894790475/4867605765894790475_base64_13.png,https://www.jotform.com/uploads/nathanianah/210168709933056/4867605765894790475/4867605765894790475_base64_14.png,https://www.jotform.com/uploads/nathanianah/210168709933056/4867605765894790475/4867605765894790475_base64_19.png,https://www.jotform.com/uploads/nathanianah/210168709933056/4867605765894790475/4867605765894790475_base64_23.png,https://www.jotform.com/uploads/nathanianah/210168709933056/4867605765894790475/4867605765894790475_base64_15.png,https://www.jotform.com/uploads/nathanianah/210168709933056/4867605765894790475/4867605765894790475_base64_20.png,https://www.jotform.com/uploads/nathanianah/210168709933056/4867605765894790475/4867605765894790475_base64_16.png,https://www.jotform.com/uploads/nathanianah/210168709933056/4867605765894790475/4867605765894790475_base64_21.png,https://www.jotform.com/uploads/nathanianah/210168709933056/4867605765894790475/4867605765894790475_base64_22.png,
"2021/01/18 00:38:52",INFJ,https://www.jotform.com/uploads/nathanianah/210168709933056/4867575308204152192/4867575308204152192_base64_6.png,https://www.jotform.com/uploads/nathanianah/210168709933056/4867575308204152192/4867575308204152192_base64_13.png,https://www.jotform.com/uploads/nathanianah/210168709933056/4867575308204152192/4867575308204152192_base64_14.png,https://www.jotform.com/uploads/nathanianah/210168709933056/4867575308204152192/4867575308204152192_base64_19.png,https://www.jotform.com/uploads/nathanianah/210168709933056/4867575308204152192/4867575308204152192_base64_23.png,https://www.jotform.com/uploads/nathanianah/210168709933056/4867575308204152192/4867575308204152192_base64_15.png,https://www.jotform.com/uploads/nathanianah/210168709933056/4867575308204152192/4867575308204152192_base64_20.png,https://www.jotform.com/uploads/nathanianah/210168709933056/4867575308204152192/4867575308204152192_base64_16.png,https://www.jotform.com/uploads/nathanianah/210168709933056/4867575308204152192/4867575308204152192_base64_21.png,https://www.jotform.com/uploads/nathanianah/210168709933056/4867575308204152192/4867575308204152192_base64_22.png,
"2021/01/18 00:05:31",INTP,https://www.jotform.com/uploads/nathanianah/210168709933056/4867555300023727801/4867555300023727801_base64_6.png,https://www.jotform.com/uploads/nathanianah/210168709933056/4867555300023727801/4867555300023727801_base64_13.png,https://www.jotform.com/uploads/nathanianah/210168709933056/4867555300023727801/4867555300023727801_base64_14.png,https://www.jotform.com/uploads/nathanianah/210168709933056/4867555300023727801/4867555300023727801_base64_19.png,https://www.jotform.com/uploads/nathanianah/210168709933056/4867555300023727801/4867555300023727801_base64_23.png,https://www.jotform.com/uploads/nathanianah/210168709933056/4867555300023727801/4867555300023727801_base64_15.png,https://www.jotform.com/uploads/nathanianah/210168709933056/4867555300023727801/4867555300023727801_base64_20.png,https://www.jotform.com/uploads/nathanianah/210168709933056/4867555300023727801/4867555300023727801_base64_16.png,https://www.jotform.com/uploads/nathanianah/210168709933056/4867555300023727801/4867555300023727801_base64_21.png,https://www.jotform.com/uploads/nathanianah/210168709933056/4867555300023727801/4867555300023727801_base64_22.png,"Please don’t steal my identity"
"2021/01/17 23:50:27",ISTP,https://www.jotform.com/uploads/nathanianah/210168709933056/4867546250118425943/4867546250118425943_base64_6.png,https://www.jotform.com/uploads/nathanianah/210168709933056/4867546250118425943/4867546250118425943_base64_13.png,https://www.jotform.com/uploads/nathanianah/210168709933056/4867546250118425943/4867546250118425943_base64_14.png,https://www.jotform.com/uploads/nathanianah/210168709933056/4867546250118425943/4867546250118425943_base64_19.png,https://www.jotform.com/uploads/nathanianah/210168709933056/4867546250118425943/4867546250118425943_base64_23.png,https://www.jotform.com/uploads/nathanianah/210168709933056/4867546250118425943/4867546250118425943_base64_15.png,https://www.jotform.com/uploads/nathanianah/210168709933056/4867546250118425943/4867546250118425943_base64_20.png,https://www.jotform.com/uploads/nathanianah/210168709933056/4867546250118425943/4867546250118425943_base64_16.png,https://www.jotform.com/uploads/nathanianah/210168709933056/4867546250118425943/4867546250118425943_base64_21.png,https://www.jotform.com/uploads/nathanianah/210168709933056/4867546250118425943/4867546250118425943_base64_22.png,N/A
"2021/01/17 23:49:35",INFP,https://www.jotform.com/uploads/nathanianah/210168709933056/4867545741026426858/4867545741026426858_base64_6.png,https://www.jotform.com/uploads/nathanianah/210168709933056/4867545741026426858/4867545741026426858_base64_13.png,https://www.jotform.com/uploads/nathanianah/210168709933056/4867545741026426858/4867545741026426858_base64_14.png,https://www.jotform.com/uploads/nathanianah/210168709933056/4867545741026426858/4867545741026426858_base64_19.png,https://www.jotform.com/uploads/nathanianah/210168709933056/4867545741026426858/4867545741026426858_base64_23.png,https://www.jotform.com/uploads/nathanianah/210168709933056/4867545741026426858/4867545741026426858_base64_15.png,https://www.jotform.com/uploads/nathanianah/210168709933056/4867545741026426858/4867545741026426858_base64_20.png,https://www.jotform.com/uploads/nathanianah/210168709933056/4867545741026426858/4867545741026426858_base64_16.png,https://www.jotform.com/uploads/nathanianah/210168709933056/4867545741026426858/4867545741026426858_base64_21.png,https://www.jotform.com/uploads/nathanianah/210168709933056/4867545741026426858/4867545741026426858_base64_22.png,
"2021/01/17 23:40:03",ISFJ,https://www.jotform.com/uploads/nathanianah/210168709933056/4867540021423729424/4867540021423729424_base64_6.png,https://www.jotform.com/uploads/nathanianah/210168709933056/4867540021423729424/4867540021423729424_base64_13.png,https://www.jotform.com/uploads/nathanianah/210168709933056/4867540021423729424/4867540021423729424_base64_14.png,https://www.jotform.com/uploads/nathanianah/210168709933056/4867540021423729424/4867540021423729424_base64_19.png,https://www.jotform.com/uploads/nathanianah/210168709933056/4867540021423729424/4867540021423729424_base64_23.png,https://www.jotform.com/uploads/nathanianah/210168709933056/4867540021423729424/4867540021423729424_base64_15.png,https://www.jotform.com/uploads/nathanianah/210168709933056/4867540021423729424/4867540021423729424_base64_20.png,https://www.jotform.com/uploads/nathanianah/210168709933056/4867540021423729424/4867540021423729424_base64_16.png,https://www.jotform.com/uploads/nathanianah/210168709933056/4867540021423729424/4867540021423729424_base64_21.png,https://www.jotform.com/uploads/nathanianah/210168709933056/4867540021423729424/4867540021423729424_base64_22.png,
"2021/01/17 23:36:32",INFJ,https://www.jotform.com/uploads/nathanianah/210168709933056/4867537915914892793/4867537915914892793_base64_6.png,https://www.jotform.com/uploads/nathanianah/210168709933056/4867537915914892793/4867537915914892793_base64_13.png,https://www.jotform.com/uploads/nathanianah/210168709933056/4867537915914892793/4867537915914892793_base64_14.png,https://www.jotform.com/uploads/nathanianah/210168709933056/4867537915914892793/4867537915914892793_base64_19.png,https://www.jotform.com/uploads/nathanianah/210168709933056/4867537915914892793/4867537915914892793_base64_23.png,https://www.jotform.com/uploads/nathanianah/210168709933056/4867537915914892793/4867537915914892793_base64_15.png,https://www.jotform.com/uploads/nathanianah/210168709933056/4867537915914892793/4867537915914892793_base64_20.png,https://www.jotform.com/uploads/nathanianah/210168709933056/4867537915914892793/4867537915914892793_base64_16.png,https://www.jotform.com/uploads/nathanianah/210168709933056/4867537915914892793/4867537915914892793_base64_21.png,https://www.jotform.com/uploads/nathanianah/210168709933056/4867537915914892793/4867537915914892793_base64_22.png,
"2021/01/17 23:25:22",ENFP,https://www.jotform.com/uploads/nathanianah/210168709933056/4867531218447704750/4867531218447704750_base64_6.png,https://www.jotform.com/uploads/nathanianah/210168709933056/4867531218447704750/4867531218447704750_base64_13.png,https://www.jotform.com/uploads/nathanianah/210168709933056/4867531218447704750/4867531218447704750_base64_14.png,https://www.jotform.com/uploads/nathanianah/210168709933056/4867531218447704750/4867531218447704750_base64_19.png,https://www.jotform.com/uploads/nathanianah/210168709933056/4867531218447704750/4867531218447704750_base64_23.png,https://www.jotform.com/uploads/nathanianah/210168709933056/4867531218447704750/4867531218447704750_base64_15.png,https://www.jotform.com/uploads/nathanianah/210168709933056/4867531218447704750/4867531218447704750_base64_20.png,https://www.jotform.com/uploads/nathanianah/210168709933056/4867531218447704750/4867531218447704750_base64_16.png,https://www.jotform.com/uploads/nathanianah/210168709933056/4867531218447704750/4867531218447704750_base64_21.png,https://www.jotform.com/uploads/nathanianah/210168709933056/4867531218447704750/4867531218447704750_base64_22.png,
"2021/01/17 23:18:45",ISTP,https://www.jotform.com/uploads/nathanianah/210168709933056/4867527241247671802/4867527241247671802_base64_6.png,https://www.jotform.com/uploads/nathanianah/210168709933056/4867527241247671802/4867527241247671802_base64_13.png,https://www.jotform.com/uploads/nathanianah/210168709933056/4867527241247671802/4867527241247671802_base64_14.png,https://www.jotform.com/uploads/nathanianah/210168709933056/4867527241247671802/4867527241247671802_base64_19.png,https://www.jotform.com/uploads/nathanianah/210168709933056/4867527241247671802/4867527241247671802_base64_23.png,https://www.jotform.com/uploads/nathanianah/210168709933056/4867527241247671802/4867527241247671802_base64_15.png,https://www.jotform.com/uploads/nathanianah/210168709933056/4867527241247671802/4867527241247671802_base64_20.png,https://www.jotform.com/uploads/nathanianah/210168709933056/4867527241247671802/4867527241247671802_base64_16.png,https://www.jotform.com/uploads/nathanianah/210168709933056/4867527241247671802/4867527241247671802_base64_21.png,https://www.jotform.com/uploads/nathanianah/210168709933056/4867527241247671802/4867527241247671802_base64_22.png,
